Company Name,NAIC Company Code,Insurance Product Name,Sub Type Of Insurance,Filing Type,Filing Status,SERFF Tracking Number,Page Number,serf_num,state,page_url,form,auth_url,form_name,submission_date
Zurich American Insurance Company,16535.0,Group Gap,H15G.001 Any Size Group,Form,Closed - Approved,EWLL-133473221,183,133473221,VA,https://filingaccess.serff.com/sfa/search/filingSummary.xhtml?filingId=133473221,True,https://filingaccess.serff.com/sfa/home/VA,[],ui-button
Zurich American Insurance Company,16535.0,Group Gap,H15G.001 Any Size Group,Form/Endorsement/Application/Rate,Closed - Approved and Filed,EWLL-132735632,183,132735632,VA,https://filingaccess.serff.com/sfa/search/filingSummary.xhtml?filingId=132735632,True,https://filingaccess.serff.com/sfa/home/VA,"['Group Supplemental Medical Expense Policy', 'Group Supplemental Medical Expense Certificate', 'Group Supplemental Medical Expense Application', 'Group Supplemental Medical Expense Enrollment Form', 'Wellness Benefit Rider', 'Group Supplemental Medical Expense Policy', 'Group Supplemental Medical Expense Policy', 'Group Supplemental Medical Expense Certificate', 'Group Supplemental Medical Expense Certificate', 'Rates']",6/3/21
Zurich American Insurance Company,16535.0,Group Hospital Indemnity Rider Benefits,H14G.000 Health - Hospital Indemnity,Form/Rate,Closed - Approved and Filed,ZURC-133490122,183,133490122,VA,https://filingaccess.serff.com/sfa/search/filingSummary.xhtml?filingId=133490122,True,https://filingaccess.serff.com/sfa/home/VA,"['Inflation Benefit Rider', 'Recuperation Benefit Rider', 'Rate Manual']",12/21/22
Zurich American Insurance Company,16535.0,Group Personal Accident Policy - GPA AME Max Benefit Amount,H02G.000 Health - Accident Only,Form/Rate,Closed - Approved and Filed,ZURC-132833188,183,132833188,VA,https://filingaccess.serff.com/sfa/search/filingSummary.xhtml?filingId=132833188,True,https://filingaccess.serff.com/sfa/home/VA,"['Accident Medical Expense Schedule Endorsement', 'Rate - Accident Medical Expense Benefits']",5/27/21
Zurich American Insurance Company,16535.0,Hospital Indemnity Launch,H14G.000 Health - Hospital Indemnity,Form/Rate,Closed - Approved and Filed,ZURC-132298135,183,132298135,VA,https://filingaccess.serff.com/sfa/search/filingSummary.xhtml?filingId=132298135,True,https://filingaccess.serff.com/sfa/home/VA,"['Group Hospital Indemnity Insurance Policy Virginia', 'Group Hospital Indemnity Insurance Policy Virginia', 'Application - Virginia', 'Application - Virginia', 'Group Hospital Indemnity Insurance Certificate Virginia', 'Group Hospital Indemnity Insurance Certificate Virginia', 'Group Hospital Indemnity Insurance Certificate Virginia', 'Enrollment Form - Virginia', 'Enrollment Form - Virginia', 'Administrative Change Endorsement', 'Administrative Change Endorsement', 'Accommodations Benefit Rider', 'Family Care Benefit Rider', 'Wellness Benefit Rider', 'Transportation Benefit Rider', 'Pet Care Benefit Rider', 'Waiver of Premium Option Benefit Rider', 'Evidence of Insurability Form - Virginia', 'Evidence of Insurability Form', 'Important Notice - In Witness Clause', 'Group Hospital Indemnity Illness Rate Manual', 'Group Hospital Indemnity Injury Rate Manual']",3/13/20
Zurich American Insurance Company,16535.0,Individual Accident,H02I.000 Health - Accident Only,Form/Rate,Closed - Approved,MMTA-133466880,183,133466880,VA,https://filingaccess.serff.com/sfa/search/filingSummary.xhtml?filingId=133466880,True,https://filingaccess.serff.com/sfa/home/VA,"['Individual Accident Policy', 'Application', 'Individual Accident Schedule', 'Common Carrier Benefit', 'Common Accident Benefit', 'Rehabilitation Benefit', 'Seat Belt/Air Bag Benefit', 'Accident Weekly Indemnity Disability Benefit', 'After School Care Benefit', 'Coma Benefit', 'Terrorism Benefit', 'Accident Medical Expense Benefit', 'Critical Burn Benefit', 'Waiver of Premium Benefit', 'Emergency Transportation and Treatment Benefit', 'Traumatic Brain Injury Benefit', 'Home Alteration and Vehicle Modification Benefit', 'Natural Disaster Benefit', 'Administrative Change Endorsement', 'Individual Accident Policy', 'Individual Accident Schedule', 'Accident Weekly Indemnity Disability Benefit', 'Individual Accident Policy', 'Individual Accident Schedule', 'Rehabilitation Benefit', 'Coma Benefit', 'Waiver of Premium Benefit', 'Traumatic Brain Injury Benefit', 'Individual Accident Policy', 'Individual Accident Schedule', 'Common Carrier Benefit', 'Common Accident Benefit', 'Out of Country Accident Medical Expense Benefit', 'Application', 'Rate Sheet Plan 1', 'Rate Sheet Plan 2', 'Rate Sheet Plan 3', 'Rate Sheet Plan 4']",2/10/23
Zurich American Insurance Company,16535.0,Individual Accident Insurance - MCM 2011 - Additional Riders VI.2 and rates,H03I.000 Health - Accidental Death & Dismemberment,Form/Rate,Closed - Withdrawn,ZURC-128055181,183,128055181,VA,https://filingaccess.serff.com/sfa/search/filingSummary.xhtml?filingId=128055181,True,https://filingaccess.serff.com/sfa/home/VA,"['Administrative Change Endorsement', 'Additional Accidental Dismemberment [and Covered Loss of Use] [and Plegia] for Dependent Children Benefit', 'After School Care Benefit', 'Inflation Benefit', 'HIV Occupational Accident Benefit', '[Permanent] [Temporary] Total Disability Benefit', 'Critical Burn Benefit', 'Continuation of Insurance Benefit', 'Day Care Benefit', 'Hearing Aid or Prosthetic Appliance Benefit', 'Emergency [Transportation] [and] [Treatment] [and] Hospital Cash Benefit', 'Traumatic Brain Injury Benefit', 'Home Alteration and Vehicle Modification Benefit', 'Natural Disaster Benefit', '[Occupational] [or] [Voluntary Activity] Hepatitis Benefit', 'Recuperation Benefit', 'Student [Tuition] [and] [Expense] Reimbursement Benefit', 'Accelerated Payment Benefit', 'Accident Medical Expense - Indemnity Benefit', 'Complications of Pregnancy Benefit', 'Rate for U-IMC-109-A CW (09/11)', 'Rate for U-IMC-123-A CW (09/11)', 'Rate for U-IMC-124-A CW (09/11)', 'Rate for U-IMC-131-A CW (09/11)', 'Rate for U-IMC-139-A VA (09/11)', 'Rate for U-IMC-141-A CW (09/11)', 'Rate for U-IMC-147-A CW (09/11)', 'Rate for U-IMC-148-A CW (09/11)', 'Rate for U-IMC-149-A CW (09/11)', 'Rate for U-IMC-153-A CW (09/11)', 'Rate for U-IMC-161-A VA (09/11)', 'Rate for U-IMC-171-A CW (09/11)', 'Rate for U-IMC-172-A CW (09/11)', 'Rate for U-IMC-173-A CW (09/11)', 'Rate for U-IMC-174-A CW (09/11)', 'Rate for U-IMC-175-A CW (09/11)', 'Rate for U-IMC-176-A CW (09/11)', 'Rate for U-IMC-177-A CW (09/11)', 'Rate for U-IMC-178-A VA (09/11)', 'Rate for U-IMC-109', 'Rate for U-IMC-123', 'Rate for U-IMC-124', 'Rate for U-IMC-131', 'Rate for U-IMC-139', 'Rate for U-IMC-141', 'Rate for U-IMC-147', 'Rate for U-IMC-148', 'Rate for U-IMC-149', 'Rate for U-IMC-153', 'Rate for U-IMC-161', 'Rate for U-IMC-171', 'Rate for U-IMC-172', 'Rate for U-IMC-173', 'Rate for U-IMC-174', 'Rate for U-IMC-175', 'Rate for U-IMC-176', 'Rate for U-IMC-177', 'Rate for U-IMC-178']",2/1/12
Zurich American Insurance Company,16535.0,Individual Critical Illness,H07I.002 Dread Disease,Form/Rate,Closed - Withdrawn,SYDN-134057089,183,134057089,VA,https://filingaccess.serff.com/sfa/search/filingSummary.xhtml?filingId=134057089,True,https://filingaccess.serff.com/sfa/home/VA,"['Individual Critical Illness Policy', 'Individual Critical Illness Cancer Policy', 'In Witness Clause', 'Guaranteed Issue Application', 'Simplified Issue Application', 'Individual Critical Illness Policy Schedule', 'Heart and Stroke Rider', 'Cancer Rider', 'Heart and Circulatory Rider', 'Organ Failure Rider', 'Coma and Paralysis Rider', 'Neurological Rider', 'Additional Disease Rider', 'Infectious Disease Rider', 'Childhood Condition Rider', 'Health Screening Rider', 'Hospitalization Rider', 'Accidental Death and Dismemberment Rider', 'Additional Benefits Rider', 'Second Opinion Rider', 'Recurrence Rider', 'Surgery Rider', 'Skin Cancer Rider', 'Administrative Change Endorsement', 'Zurich.Ind CI.Rate Manual.20240314']",4/10/24
Zurich American Insurance Company,16535.0,Individual Critical Illness,H07I.002 Dread Disease,Form/Rate,Active-Under Review by Reviewer,SYDN-134507430,183,134507430,VA,https://filingaccess.serff.com/sfa/search/filingSummary.xhtml?filingId=134507430,True,https://filingaccess.serff.com/sfa/home/VA,"['Individual Critical Illness Heart Attack and Stroke Policy', 'Individual Critical Illness Heart Attack and Stroke Policy', 'Policy Schedule', 'Policy Schedule', 'Policy Schedule', 'Policy Schedule', 'Guaranteed Issue Application', 'Simplified Issue Application', 'Important Notice - In Witness', 'Individual Critical Illness Heart Attack and Stroke Policy', 'Individual Critical Illness Cancer Policy', 'Heart and Stroke Policy', 'Cancer Policy', 'Policy Schedule', 'Policy Schedule', 'Policy Schedule', 'Policy Schedule', 'Guaranteed Issue Application', 'Simplified Issue Application', 'Cancer Rider', 'Heart and Circulatory Rider', 'Major Organ Failure Rider', 'Accident Only Coma and Paralysis Rider', 'Neurological Rider', 'Additional Disease Conditions Rider', 'Accidental Death and Dismemberment Rider', 'Skin Cancer Rider', 'Cancer Rider', 'Heart and Circulatory Rider', 'Neurological Rider', 'Hospitalization Rider', 'Surgery Rider', 'Heart and Circulatory Rider', 'Neurological Rider', 'Skin Cancer Rider', 'Zurich.Ind CI.Rate Manual.20250417']",4/30/25
Zurich American Insurance Company,16535.0,Individual Hospital Indemnity (ZA),H14I.000 Health - Hospital Indemnity,Form/Rate,Closed - Withdrawn,ZURC-133439453,183,133439453,VA,https://filingaccess.serff.com/sfa/search/filingSummary.xhtml?filingId=133439453,True,https://filingaccess.serff.com/sfa/home/VA,"['Individual Hospital Indemnity Policy', 'Individual Hospital Indemnity Application', 'Accidental Death and Dismemberment Rider', 'Advanced Diagnostic Benefit Rider', 'Ambulance Benefit Rider', 'Critical Illness Benefit Rider', 'Emergency Care Benefit Rider', 'Mental Health and Substance Abuse Rider', 'Family and Pet Care Benefit Rider', 'Inflation Protection Rider', 'Inpatient Surgery Benefit Rider', 'Lab and X-ray Benefit Rider', 'Loss of Income Benefit Rider', 'Outpatient Surgery Benefit Rider', 'Physician Office and Urgent Care Visit Rider', 'Prescription Drug Benefit Rider', 'Recuperation Benefit Rider', 'Telemedicine and Virtual Visit Rider', 'Waiver of Premium for Confinement and Total Disability Rider', 'Wellness Health Check Rider', 'Outline of Coverage Zurich Individual Hospital Indemnity Insurance Policy', 'Individual Hospital Indemnity Policy Schedule', 'Therapy Services Rider', 'Dental Health Rider', 'Optical Health Rider', 'Audiologic Health Rider', 'Behavioral Health Rider', 'International Benefit Rider', 'Important Notice In Witness Signature', 'Administrative Change Endorsement', 'Individual Hospital Indemnity Policy', 'Advanced Diagnostic Benefit Rider', 'Ambulance Benefit Rider', 'Emergency Care Benefit Rider', 'Family Care and Pet Care Benefit Rider', 'Inpatient Surgery Benefit Rider', 'Lab and X-ray Benefit Rider', 'Outpatient Surgery Benefit Rider', 'Physician Office and Urgent Care Visit Rider', 'Prescription Drug Benefit Rider', 'Telemedicine and Virtual Visit Rider', 'Waiver of Premium for Confinement and Total Disability Rider', 'Outline of Coverage Zurich Individual Sickness Only Hospital Indemnity Insurance Policy', 'Individual Hospital Indemnity Policy Schedule', 'Therapy Services Rider', 'International Benefit Rider', 'Zurich HI Rate Manual 20220902 Part 1', 'Zurich HI Rate Manual 20220902 Part 2']",10/24/22
Zurich American Insurance Company,16535.0,Integrated Stop Loss - Independent Review Organization Endorsement,H12.004 Self-Funded Health Plan,Form,Closed - Approved,ZURC-128600947,183,128600947,VA,https://filingaccess.serff.com/sfa/search/filingSummary.xhtml?filingId=128600947,True,https://filingaccess.serff.com/sfa/home/VA,['Independent Review Organization Endorsement'],8/6/12
Zurich American Insurance Company,16535.0,Integrated Stop Loss Policy - Amended Statements of Variables,H12.004 Self-Funded Health Plan,Form,Closed - Rejected,ZURC-128594672,183,128594672,VA,https://filingaccess.serff.com/sfa/search/filingSummary.xhtml?filingId=128594672,True,https://filingaccess.serff.com/sfa/home/VA,[],7/26/12
Zurich American Insurance Company,16535.0,Intregrated Stop Loss (U-ISL) - Policyholder Disclosure Statement,H12.001 Accident & Sickness,Form,Closed - Approved,ZURC-130550540,183,130550540,VA,https://filingaccess.serff.com/sfa/search/filingSummary.xhtml?filingId=130550540,True,https://filingaccess.serff.com/sfa/home/VA,['Policyholder Disclosure Statement'],5/25/16
Zurich American Insurance Company,16535.0,Lifestyle Voluntary Benefits - GPA,H02G.000 Health - Accident Only,Form/Rate,Closed - Approved and Filed,ZURC-133467253,183,133467253,VA,https://filingaccess.serff.com/sfa/search/filingSummary.xhtml?filingId=133467253,True,https://filingaccess.serff.com/sfa/home/VA,"['Expanded Escalator Clause Option Benefit', 'Rate Manual']",12/9/22
Zurich American Insurance Company,16535.0,Lifestyle Voluntary Benefits - Personal Accident Policy (GPA),H02G.000 Health - Accident Only,Form/Rate,Closed - Approved and Filed,ZURC-129459815,183,129459815,VA,https://filingaccess.serff.com/sfa/search/filingSummary.xhtml?filingId=129459815,True,https://filingaccess.serff.com/sfa/home/VA,"['Group Personal Accident Policy', 'Application Group Personal Accident Policy', 'Group Personal Accident Certificate', 'Enrollment Form Group Personal Accident Policy', 'Administrative Change Endorsement', 'Excess of Other Insurance Endorsement', 'Accident Dental Expense Benefit', 'After School Care Benefit', 'Carjacking Benefit', 'COBRA Benefit', 'Common Disaster Benefit', 'Commutation Benefit', 'Complications of Pregnancy Benefit', 'Continuation of Insurance Benefit', 'Day Care Benefit', 'Elder Care Benefit', 'Emergency Transportation Benefit', 'Emergency Treatment Benefit', 'Escalator Clause Option Benefit', 'Exposure and Disappearance Benefit', 'Felony Victim Benefit', 'Hearing Aid or Prosthetic Appliance Benefit', 'Hijacking or Skyjacking Benefit', 'Home Alteration and Vehicle Modification Benefit', 'Natural Disaster Benefit', 'Occupational Hepatitis Accident Benefit', 'Occupational HIV Accident Benefit', 'Out-of-Country Accident Protection Benefit', 'Outpatient Physician’s Treatment Benefit', 'On-Premises Terrorism Benefit [H-2 Only]', 'Parent Care Benefit', 'Rehabilitation Benefit', 'Reserve Corps/National Guard Unit Benefit', 'Seat Belt[/Air Bag] Benefit', 'Spouse[/Domestic Partner] Retraining Benefit', 'Student [Tuition] [and] [Expense] Reimbursement Benefit', 'Surviving Spouse[/Domestic Partner] Benefit', 'Terrorism Benefit', 'Therapeutic Counseling Benefit', 'Traumatic Brain Injury Benefit', 'Travel Assistance Benefit', 'Travel Reimbursement Benefit', 'Waiver of Premium Option Benefit', 'Wellness Benefit', 'Amendatory Endorsement Group Parent Protection', 'Amendatory Endorsement Difference in [Limits] [and] [or] [Conditions] Endorsement', 'Amendatory Endorsement Interlocking Endorsement (US Local)', 'Group Personal Accident Policy', 'Group Personal Accident Policy', 'Group Personal Accident Certificate', 'Group Personal Accident Certificate', 'Accident Dental Expense Benefit', 'Funeral [and] [Executor] Expense Benefit', 'Travel Assistance Benefit', 'Travel Reimbursement Benefit', 'Rates - 100', 'Rates - 201', 'Rates - 202', 'Rates - 203', 'Rates - 204', 'Rates - 205', 'Rates - 206', 'Rates - 207', 'Rates - 208', 'Rates - 209', 'Rates - 210', 'Rates - 211', 'Rates - 212', 'Rates - 213', 'Rates - 214', 'Rates - 215', 'Rates - 217', 'Rates - 219', 'Rates - 220', 'Rates - 221', 'Rates - 222', 'Rates - 223', 'Rates - 225', 'Rates - 226', 'Rates - 227', 'Rates - 228', 'Rates - 229', 'Rates - 230', 'Rates - 231', 'Rates - 232', 'Rates - 233', 'Rates - 234', 'Rates - 235', 'Rates - 236', 'Rates - 237', 'Rates - 238', 'Rates - 239', 'Rates - 240', 'Rates - General ALL', 'Rates - 200', 'Rates - 216', 'Rates - 218']",4/30/14
Zurich American Insurance Company,16535.0,Managed Care/Provider Excess Loss (UPEL) - Funding Endorsements,H12.003 Provider,Form/Rate,Closed - Approved and Filed,ZURC-130192114,183,130192114,VA,https://filingaccess.serff.com/sfa/search/filingSummary.xhtml?filingId=130192114,True,https://filingaccess.serff.com/sfa/home/VA,"['Swing Rate Option Endorsement', 'Retained Corridor Option Endorsement', 'Aggregating Specific Retention Option Endorsement', 'Layered Aggregating Specific Retention Option Endorsement', 'VA - Provider Excess Rate Manual', 'VA - HOSP-RateSummary - Provider Excess of Loss', 'VA - HOSP-W9-RateSummarySample - Provider Excess of Loss', 'VA - PHY-Rate Summary - Provider Excess of Loss']",9/28/15
Zurich American Insurance Company,16535.0,Managed Care/Provider Excess Loss Forms and Rates,H12.003 Provider,Form/Endorsement/Application/Rate,Closed - Approved and Filed,ZURC-128214032,183,128214032,VA,https://filingaccess.serff.com/sfa/search/filingSummary.xhtml?filingId=128214032,True,https://filingaccess.serff.com/sfa/home/VA,"['Managed Care Excess Loss Insurance Policy', 'Application for Managed Care Excess Loss Insurance', 'Administrative Change Endorsement', 'Experience Refund Endorsement', 'Important Information for Virginia Policyholders', 'Managed Care Excess Loss Insurance Policy', 'Managed Care Excess Loss Insurance Policy', 'Important Information for Virginia Policyholders', 'Provider Excess Loss Rate Part 1', 'Provider Excess Loss Rate Part 2']",4/3/12
Zurich American Insurance Company,16535.0,Medical Provider Excess Insurance,HCSP Individual,Form,Closed - Approved,USPH-5XCPWN099/00-00/00-00/00,183,5XCPWN099/00,VA,https://filingaccess.serff.com/sfa/search/filingSummary.xhtml?filingId=5XCPWN099/00,True,https://filingaccess.serff.com/sfa/home/VA,"['Managed Care Excess Loss Insurance Policy', 'Application for Managed Care Excess Loss Insurance', 'Administrative Change Endorsement', 'Experience Refund Endorsement', 'Important Information for Virginia Policyholders', 'Managed Care Excess Loss Insurance Policy', 'Managed Care Excess Loss Insurance Policy', 'Important Information for Virginia Policyholders', 'Provider Excess Loss Rate Part 1', 'Provider Excess Loss Rate Part 2']",4/3/12
Zurich American Insurance Company,16535.0,Medical Stop Loss (UMSL-600) Policyholder Disclosure,H12.004 Self-Funded Health Plan,Form,Closed - Approved,ZURC-130299088,183,130299088,VA,https://filingaccess.serff.com/sfa/search/filingSummary.xhtml?filingId=130299088,True,https://filingaccess.serff.com/sfa/home/VA,['Policyholder Disclosure Statement'],10/29/15
Zurich American Insurance Company,16535.0,Medical Stop Loss (UMSL600) Endmt 606,H12.004 Self-Funded Health Plan,Form,Closed - Approved,ZURC-132551695,183,132551695,VA,https://filingaccess.serff.com/sfa/search/filingSummary.xhtml?filingId=132551695,True,https://filingaccess.serff.com/sfa/home/VA,['Separate Deductible or Benefit Period Endorsement'],10/5/20
Zurich American Insurance Company,16535.0,Medical Stop Loss (UMSL600) Endmt 612,H12.004 Self-Funded Health Plan,Form,Closed - Approved,ZURC-132544011,183,132544011,VA,https://filingaccess.serff.com/sfa/search/filingSummary.xhtml?filingId=132544011,True,https://filingaccess.serff.com/sfa/home/VA,['No New Laser [and Limited Rate Increase] at Renewal Endorsement'],9/29/20
Zurich American Insurance Company,16535.0,Medical Stop Loss Insurance Policy (UMSL600),H12.004 Self-Funded Health Plan,Form/Rate,Closed - Approved and Filed,ZURC-130922508,183,130922508,VA,https://filingaccess.serff.com/sfa/search/filingSummary.xhtml?filingId=130922508,True,https://filingaccess.serff.com/sfa/home/VA,"['Experience Refund Endorsement', 'Attachment A \x81] Adjustment to Include Experience Refund']",3/10/17
Zurich American Insurance Company,16535.0,Medical Stop Loss Revised Forms,H12.004 Self-Funded Health Plan,Form/Rate,Closed - Rejected,ZURC-129107841,183,129107841,VA,https://filingaccess.serff.com/sfa/search/filingSummary.xhtml?filingId=129107841,True,https://filingaccess.serff.com/sfa/home/VA,"['Stop Loss Insurance Policy', 'Policyholder Disclosure Statement', 'Specific Terminal Liability Extension Option Endorsement', 'Aggregate Terminal Liability Extension Option Endorsement', 'Monthly Aggregate Accommodation Endorsement', 'Separate Deductible or Benefit Period Endorsement', 'Family Coverage Endorsement', 'Retiree(s) Coverage Endorsement', 'Organ and Tissue Transplant Coverage Exclusion Endorsement', 'Administrative Change Endorsement', 'No New Laser and Limited Rate Increase at Renewal Endorsement']",7/9/13
Zurich American Insurance Company,16535.0,Medical Stop Loss Revised Forms,H12.004 Self-Funded Health Plan,Form/Rate,Closed - Approved and Filed,ZURC-129174779,183,129174779,VA,https://filingaccess.serff.com/sfa/search/filingSummary.xhtml?filingId=129174779,True,https://filingaccess.serff.com/sfa/home/VA,"['Stop Loss Insurance Policy', 'Policyholder Disclosure Statement', 'Specific Terminal Liability Extension Option Endorsement', 'Aggregate Terminal Liability Extension Option Endorsement', 'Monthly Aggregate Accommodation Endorsement', 'Separate Deductible or Benefit Period Endorsement', 'Family Coverage Endorsement', 'Retiree(s) Coverage Endorsement', 'Organ and Tissue Transplant Coverage Exclusion Endorsement', 'Administrative Change Endorsement', 'No New Laser and Limited Rate Increase at Renewal Endorsement', 'Stop Loss Insurance Policy', 'Policyholder Disclosure Statement', 'Specific Terminal Liability Extension Option Endorsement', 'Aggregate Terminal Liability Extension Option Endorsement', 'Monthly Aggregate Accommodation Endorsement', 'Separate Deductible or Benefit Period Endorsement', 'Family Coverage Endorsement', 'Retiree(s) Coverage Endorsement', 'Organ and Tissue Transplant Coverage Exclusion Endorsement', 'Administrative Change Endorsement', 'No New Laser and Limited Rate Increase at Renewal Endorsement', 'Specific and Aggregate Medical Stop Loss Rate Manual Part 1', 'Specific and Aggregate Medical Stop Loss Rate Manual Part 2', 'Specific and Aggregate Medical Stop Loss Rate Manual Part 1', 'Specific and Aggregate Medical Stop Loss Rate Manual Part 2']",8/30/13
Zurich American Insurance Company,16535.0,Medical Stop Loss Revised Statement of Variables,H12.001 Accident & Sickness,Form,Closed - Rejected,ZURC-128502621,183,128502621,VA,https://filingaccess.serff.com/sfa/search/filingSummary.xhtml?filingId=128502621,True,https://filingaccess.serff.com/sfa/home/VA,[],6/25/12
Zurich American Insurance Company,16535.0,Occupational Accident Insurance Policy - Form and Rate,H03G.000 Health - Accidental Death & Dismemberment,Form/Rate,Closed - Approved and Filed,ZURC-126429447,183,126429447,VA,https://filingaccess.serff.com/sfa/search/filingSummary.xhtml?filingId=126429447,True,https://filingaccess.serff.com/sfa/home/VA,"['[Truckers] [Occupational] Accident Insurance Policy', 'Group Application Occupational Accident Insurance', '[Truckers] [Occupational] Accident Insurance Certificate', 'Enrollment and Beneficiary Designation Form', 'Administrative Change Endorsement', 'Rating Plan']",12/22/09
Zurich American Insurance Company,16535.0,OCM-ZTA - for UVA,H02G.000 Health - Accident Only,Form/Rate,Closed - Approved and Filed,ZURC-129244328,183,129244328,VA,https://filingaccess.serff.com/sfa/search/filingSummary.xhtml?filingId=129244328,True,https://filingaccess.serff.com/sfa/home/VA,"['Amendatory Endorsement Out of Country Travel Medical Insurance Benefit', 'Amendatory Endorsement Enhanced [Travel Assistance] [and] [Travel Reimbursement] Plan', 'Rate Manual - Exhibit 1', 'Rate Manual - Exhibit 2']",10/15/13
Zurich American Insurance Company,16535.0,Request for Discretionary Group Approval of Financial Institutions,H03G.000 Health - Accidental Death & Dismemberment,Form,Closed - Rejected,ZURC-127354154,183,127354154,VA,https://filingaccess.serff.com/sfa/search/filingSummary.xhtml?filingId=127354154,True,https://filingaccess.serff.com/sfa/home/VA,[],8/5/11
Zurich American Insurance Company,16535.0,Transportation Independent Contractor Accident Policy (TICA) Initial Filing,H03G.000 Health - Accidental Death & Dismemberment,Form/Rate,Closed - Approved and Filed,ZURC-132572241,183,132572241,VA,https://filingaccess.serff.com/sfa/search/filingSummary.xhtml?filingId=132572241,True,https://filingaccess.serff.com/sfa/home/VA,"['Zurich Transportation Independent Contractor Accident Policy - Virginia', 'Zurich Transportation Independent Contractor Accident Policy - Virginia', 'Zurich Transportation Independent Contractor Accident Policy - Virginia', 'Application - Virginia', 'Application - Virginia', 'Zurich Transportation Independent Contractor Accident Certificate - Virginia', 'Zurich Transportation Independent Contractor Accident Certificate - Virginia', 'Zurich Transportation Independent Contractor Accident Certificate - Virginia', 'Enrollment and Beneficiary Designation Form', 'Administrative Change Endorsement', 'Passenger Accident Benefits Rider - Virginia', 'Passenger Accident Benefits Rider - Virginia', 'Primary Insurance Rider Accident Medical Expense Benefit', 'Benefits Summary Rider - Virginia', 'Casual Laborer Coverage Rider', 'Critical Burn Benefit Rider', 'Non-Medical Repatriation and Return of Remains Benefit Rider', 'Vocational Retraining Benefit Rider', 'Truck Payment Benefit Rider', 'Eligible Employee Driver Rider', 'Transportation Independent Contractor Accident Policy Rate Manual']",12/1/20
Zurich American Insurance Company,16535.0,Tri-Agency Notice - Wave 2,H14I.000 Health - Hospital Indemnity,Informational,Closed - Rejected,ZURC-134178049,183,134178049,VA,https://filingaccess.serff.com/sfa/search/filingSummary.xhtml?filingId=134178049,True,https://filingaccess.serff.com/sfa/home/VA,"['IMPORTANT: This is a fixed indemnity policy, NOT health insurance']",7/16/24
Zurich American Insurance Company,16535.0,Truckers Occupational Accident U-OA-409-A,H03G.000 Health - Accidental Death & Dismemberment,Form/Rate,Closed - Approved and Filed,ZURC-128755177,183,128755177,VA,https://filingaccess.serff.com/sfa/search/filingSummary.xhtml?filingId=128755177,True,https://filingaccess.serff.com/sfa/home/VA,"['Last Mile and Moving & Storage Endorsement', 'Rate Manual for Trucking Industry']",11/30/12
Zurich American Insurance Company,16535.0,UVA Policy -Revised Statement of Variables,H02G.000 Health - Accident Only,Form,Closed - Rejected,ZURC-128794762,183,128794762,VA,https://filingaccess.serff.com/sfa/search/filingSummary.xhtml?filingId=128794762,True,https://filingaccess.serff.com/sfa/home/VA,[],12/10/12
Zurich American Insurance Company,16535.0,UVA Policy - IPZ Endorsement,H02G.000 Health - Accident Only,Form,Closed - Approved,ZURC-128864823,183,128864823,VA,https://filingaccess.serff.com/sfa/search/filingSummary.xhtml?filingId=128864823,True,https://filingaccess.serff.com/sfa/home/VA,"['AMENDATORY ENDORSEMENT Group Parent Protection', 'AMENDATORY ENDORSEMENT Difference in [Limits] [and][or] [Conditions] Endorsement', 'AMENDATORY ENDORSEMENT Interlocking Endorsement (US Local)']",2/6/13
Zurich American Insurance Company,16535.0,Virginia 14 VAC 5-120-10 Change - UBMC,H04.000 Health - Blanket Accident/Sickness,Form/Rate,Closed - Approved and Filed,ZURC-134411688,183,134411688,VA,https://filingaccess.serff.com/sfa/search/filingSummary.xhtml?filingId=134411688,True,https://filingaccess.serff.com/sfa/home/VA,"['Blanket Accident Insurance Policy', 'Blanket Accident Insurance Certificate', 'Enrollment Form Blanket Accident Insurance', 'Zurich American Insurance Company Blanket Accident Rate Manual (U-BMC Form Series)']",2/14/25
Zurich American Insurance Company,16535.0,Virginia 14 VAC 5-120-10 Change - UGCI,H07G.002 Dread Disease,Form,Closed - Approved,ZURC-134411929,183,134411929,VA,https://filingaccess.serff.com/sfa/search/filingSummary.xhtml?filingId=134411929,True,https://filingaccess.serff.com/sfa/home/VA,"['Group Critical Illness Insurance Policy', 'Group Critical Illness Insurance Certificate', 'Application Group Critical Illness Insurance Policy', 'Enrollment Form Group Critical Illness Insurance', 'Administrative Change Endorsement', 'Evidence of Insurability Form Group Critical Illness Insurance Policy']",2/12/25
Zurich American Insurance Company,16535.0,Virginia 14 VAC 5-120-10 Change - UGHI,H14G.000 Health - Hospital Indemnity,Form/Rate,Closed - Approved and Filed,ZURC-134411996,183,134411996,VA,https://filingaccess.serff.com/sfa/search/filingSummary.xhtml?filingId=134411996,True,https://filingaccess.serff.com/sfa/home/VA,"['Group Hospital Indemnity Insurance Policy Virginia', 'Application - Virginia Group Hospital Indemnity Insurance Policy', 'Group Hospital Indemnity Insurance Certificate Virginia', 'Inflation Benefit Rider', 'IMPORTANT: This is a fixed indemnity policy, NOT health insurance', 'ZAIC GHI Section I.A - Rating Structure - Illness', 'ZAIC GHI Section I.A - Rating Structure - Injury']",2/12/25
Zurich American Insurance Company,16535.0,Virginia 14 VAC 5-120-10 Change - UGPA,H02G.000 Health - Accident Only,Form/Rate,Approved & Filed,ZURC-134412143,183,134412143,VA,https://filingaccess.serff.com/sfa/search/filingSummary.xhtml?filingId=134412143,True,https://filingaccess.serff.com/sfa/home/VA,"['Group Personal Accident Policy', 'Application Group Personal Accident Policy', 'Group Personal Accident Certificate', 'Enrollment Form Group Personal Accident Policy', 'Out-of-Country Accident Protection Benefit', 'ZAIC UGPA Rate Pages - VA']",2/12/25
Zurich American Insurance Company,16535.0,ZA460 2303 Excess Loss,H12.003 Provider,Form/Rate,Closed - Approved and Filed,EWLL-133712095,183,133712095,VA,https://filingaccess.serff.com/sfa/search/filingSummary.xhtml?filingId=133712095,True,https://filingaccess.serff.com/sfa/home/VA,"['Managed Care Excess Loss Insurance Policy', 'Experience Refund Endorsement', 'Aggregate Layer Retention Option Endorsement', 'Exhibits and Tables']",9/26/23
Zurich American Insurance Company,16535.0,ZNA20 Blanket Accident,H04.000 Health - Blanket Accident/Sickness,Form/Rate,Closed - Approved and Filed,MMTA-134079680,183,134079680,VA,https://filingaccess.serff.com/sfa/search/filingSummary.xhtml?filingId=134079680,True,https://filingaccess.serff.com/sfa/home/VA,"['Policy', 'Application', 'Schedule', 'Excess of Other Insurance Endorsement', 'Classes Defined by Policyholder', 'Accelerated Payment Benefit', 'Accident Dental Expense Benefit', 'After School Care Benefit', 'Carjacking Benefit', 'COBRA Benefit', 'Common Accident Benefit', 'Commutation Benefit', 'Complications of Pregnancy Benefit', 'Continuation of Insurance Benefit', 'Day Care Benefit', 'Elder Care Benefit', 'Emergency Transportation Benefit', 'Emergency Treatment Benefit', 'Felonious Assault Benefit', 'Additional Death Expense Benefit', 'Hearing Aid or Prosthetic Appliance Benefit', 'Higher Education Benefit', 'Hijacking or Skyjacking Benefit', 'Home Alteration and Vehicle Modification Benefit', 'Natural Disaster Benefit', 'Occupational Hepatitis Accident Benefit', 'Occupational HIV Accident Benefit', 'Out-of-Country Accident Protection Benefit', ""Outpatient Physician's Treatment Benefit"", '[On-Premises] Terrorism Benefit', 'Parent Care Benefit', 'Rehabilitation Benefit', 'Reserve Corps/National Guard Unit Benefit', 'Seat Belt[/Air Bag] Benefit', 'Safety Device Benefit', 'Spouse[/Domestic Partner] Retraining Benefit', 'Student [Tuition] [and] [Expense] Reimbursement Benefit', 'Catastrophe Cash Benefit', 'Personal Property Benefit', 'Surviving Spouse[/Domestic Partner] Benefit', 'Terrorism Benefit', 'Therapeutic Counseling Benefit', 'Traumatic Brain Injury Benefit', 'Travel Assistance Benefit', 'Recuperation Benefit', 'Security Evacuation Benefit', 'Additional Dismemberment Benefit for Children', 'Specified Pilot Coverage', 'Severe Infectious Disease Outbreak Benefit', 'Accidental Needlestick and Splatter Exposure Benefit', 'Commutation Coverage', 'War Risk Coverage Rider', 'Out of Country Travel Medical Expense Benefit', 'Surgical Reattachment', 'Custodial Care', 'Stillborn Benefit', 'PTSD Benefit', 'Kidnap Benefit', 'Key Employee Coverage', 'Bulletproof Vest Benefit', 'Monthly Mortgage Benefit', 'Ride Share Benefit', 'Mobility Appliance Benefit', 'Accidental Ingestion of a Controlled Substance Benefit', 'Bomb Scare/Explosion Benefit', 'On-Premise Terrorism Coverage', 'Domestic Violence] [or] [Sexual Assault] Benefit', 'Additional Disability Expense Benefit', 'Chauffeur, Taxi or Ride Share Benefii', 'Catastrophic Accident Benefit', 'Corporate Reputation Benefit', 'Personnel Replacement Expense Benefit', 'Group Parent Protection', 'Difference in [Limits] [and] [or] [Conditions] Endorsement', 'Interlocking Endorsement (US Local)', 'Administrative Change Endorsement', 'Administrative Change Endorsement - One Time Premium Holiday', 'Group Entity Protection', 'Exempt Countries Exclusion', 'Rate Manual']",6/10/24
Zurich American Insurance Company,16535.0,Zurich [Gig Economy] Group Occupational Accident Insurance Policy (U-OA-500),H03G.000 Health - Accidental Death & Dismemberment,Form/Rate,Closed - Approved and Filed,ZURC-132182528,183,132182528,VA,https://filingaccess.serff.com/sfa/search/filingSummary.xhtml?filingId=132182528,True,https://filingaccess.serff.com/sfa/home/VA,"['Zurich [Gig Economy] Group Occupational Accident Insurance Policy - Virginia', 'Application - Virginia Zurich [Gig Economy] Group Occupational Accident Insurance Policy', 'Zurich [Gig Economy] Group Occupational Accident Insurance Certificate - Virginia', 'Enrollment and Beneficiary Designation Form Zurich [Gig Economy] Group Occupational Accident Insurance Policy', 'Administrative Change Endorsement', 'Passenger Accident Benefits Rider - Virginia', 'Primary Insurance Rider - Accident Medical Expense Benefit', 'Benefits Summary Rider - Virginia', 'Critical Burn Benefit Endorsement - Virginia', 'Important Notice - In Witness Clause', 'Occupational Accident Gig Economy Rate Manual - VA']",12/10/19
Zurich American Insurance Company,16535.0,Zurich Accident for Groups (ZAG),H02G.000 Health - Accident Only,Form/Rate,Review Pending,ZURC-134485599,183,134485599,VA,https://filingaccess.serff.com/sfa/search/filingSummary.xhtml?filingId=134485599,True,https://filingaccess.serff.com/sfa/home/VA,"['Policy Zurich Accident for Groups', 'Excess of Other Insurance Benefit', 'Accelerated Payment Benefit', 'Accident Dental Expense Benefit', 'After School Care Benefit', 'Carjacking Benefit', 'COBRA Benefit', 'Common Accident Benefit', 'Commutation Benefit', 'Complications of Pregnancy Benefit', 'Continuation of Insurance Benefit', 'Day Care Benefit', 'Elder Care Benefit', 'Emergency Transportation Benefit', 'Emergency Treatment Benefit', 'Escalator Clause Option Benefit', 'Felonious Assault Benefit', 'Additional Death Expense Benefit', 'Hearing Aid or Prosthetic Appliance Benefit', 'Higher Education Benefit', 'Hijacking or Skyjacking Benefit', 'Home Alteration and Vehicle Modification Benefit', 'Natural Disaster Benefit', 'Occupational Hepatitis Accident Benefit', 'Occupational HIV Accident Benefit', 'Out-of-Country Accident Protection Benefit', 'Outpatient Physician’s Treatment Benefit', '[On-Premises] Terrorism Benefit', 'Parent Care Benefit', 'Rehabilitation Benefit', 'Reserve Corps / National Guard Unit Benefit', 'Seat Belt[ / Air Bag] Benefit', 'Safety Device Benefit', 'Spouse or Domestic Partner Retraining Benefit', 'Student [Tuition] [and] [Expense] Reimbursement Benefit', 'Catastrophe Cash Benefit', 'Surviving Spouse or Domestic Partner Benefit', 'Terrorism Benefit', 'Therapeutic Counseling Benefit', 'Traumatic Brain Injury Benefit', 'Travel Assistance Benefit', 'Recuperation Benefit', 'Additional Dismemberment Benefit for Children', 'Family Traveling Coverage', 'Inflation Protection Rider', 'Accidental Needlestick and Splatter Exposure Benefit', 'Commutation Coverage', 'Travel Inconvenience Benefit', 'War Risk Coverage Rider', 'Waiver of Premium Benefit', 'Out of Country Travel Medical Expense Benefit', 'Surgical Reattachment', 'Custodial Care', 'Stillborn Benefit', 'PTSD Benefit', 'Kidnap Benefit', 'Key Employee Coverage', 'Bulletproof Vest Benefit', 'Monthly Mortgage Benefit', 'Ride Share Benefit', 'Mobility Appliance Benefit', 'Accidental Ingestion of a Controlled Substance Benefit', 'Bomb Scare / Explosion Benefit', '[Domestic Violence] [or] [Sexual Assault]', 'Additional Accident Expense Benefit', 'Chauffer, Taxi or Ride Share Benefit', 'Catastrophic Accident Benefit', 'Corporate Reputation Benefit', 'Personnel Replacement Expense Benefit', 'Exempt Countries Exclusion', 'Administrative Change Endorsement', 'Administrative Change Endorsement - One Time Premium Holiday', 'Certificate Zurich Accident for Groups', 'Important Notice – In Witness Clause', 'Application Zurich Accident for Groups', 'Enrollment Form Zurich Accident for Groups', 'Schedule Zurich Accident for Groups', 'Outline of Coverage Zurich Accident for Groups', 'Personal Property Benefit', 'Severe Infectious Disease Outbreak Benefit', 'Wellness, Preventive Test & Health Screening Benefit Rider', 'Fraud Warnings Disclosure Accident and Health Addendum', 'Zurich Accident Insurance Policy for Groups Rate Manual - VA']",4/14/25
Zurich American Insurance Company,16535.0,ZURICH iGAP,H15I.001 Health - Hospital/Surgical/Medical Expense,Form/Rate,Closed - Rejected,EWLL-134172754,183,134172754,VA,https://filingaccess.serff.com/sfa/search/filingSummary.xhtml?filingId=134172754,True,https://filingaccess.serff.com/sfa/home/VA,"['Individual Supplemental Medical Expense Policy', 'Individual Supplemental Medical Expense Application', 'Schedule Page', 'Outline of Coverage', 'Administrative Change Endorsement', 'Ambulance Benefit Rider', ""Doctor's Office Benefit Rider"", 'Durable Medical Equiptment Benefit Rider', 'Infusion Therapy Benefit Rider', 'Laboratory Testing Benefit Rider', 'In Witness Clause', 'Rate Exhibits']",9/3/24
Zurich American Insurance Company,16535.0,ZURICH iGAP,H21.000 Health - Other,Form/Rate/Application,Closed - Withdrawn,EWLL-134323000,183,134323000,VA,https://filingaccess.serff.com/sfa/search/filingSummary.xhtml?filingId=134323000,True,https://filingaccess.serff.com/sfa/home/VA,"['Individual Supplemental Medical Expense Policy', 'Individual Supplemental Medical Expense Application', 'Schedule Page', 'Administrative Change Endorsement', 'Ambulance Benefit Rider', ""Doctor's Office Benefit Rider"", 'Durable Medical Equiptment Benefit Rider', 'Infusion Therapy Benefit Rider', 'Laboratory Testing Benefit Rider', 'In Witness Clause', 'Rate Exhibits']",11/20/24
Zurich American Life Insurance Company,90557.0,Individual Hospital Indemnity (ZL),H14I.000 Health - Hospital Indemnity,Form/Rate,Closed - Withdrawn,ZURC-133439442,183,133439442,VA,https://filingaccess.serff.com/sfa/search/filingSummary.xhtml?filingId=133439442,True,https://filingaccess.serff.com/sfa/home/VA,"['Individual Hospital Indemnity Policy', 'Individual Hospital Indemnity Application', 'Accidental Death and Dismemberment Rider', 'Advanced Diagnostic Benefit Rider', 'Ambulance Benefit Rider', 'Critical Illness Benefit Rider', 'Emergency Care Benefit Rider', 'Mental Health and Substance Abuse Rider', 'Family and Pet Care Benefit Rider', 'Inflation Protection Rider', 'Inpatient Surgery Benefit Rider', 'Lab and X-ray Benefit Rider', 'Loss of Income Benefit Rider', 'Outpatient Surgery Benefit Rider', 'Physician Office and Urgent Care Visit Rider', 'Prescription Drug Benefit Rider', 'Recuperation Benefit Rider', 'Telemedicine and Virtual Visit Rider', 'Waiver of Premium for Confinement and Total Disability Rider', 'Wellness Health Check Rider', 'Outline of Coverage Zurich Individual Hospital Indemnity Insurance Policy', 'Individual Hospital Indemnity Policy Schedule', 'Therapy Services Rider', 'Dental Health Rider', 'Optical Health Rider', 'Audiologic Health Rider', 'Behavioral Health Rider', 'International Benefit Rider', 'Important Notice In Witness Signature', 'Administrative Change Endorsement', 'Individual Hospital Indemnity Policy', 'Advanced Diagnostic Benefit Rider', 'Ambulance Benefit Rider', 'Emergency Care Benefit Rider', 'Family Care and Pet Care Benefit Rider', 'Inpatient Surgery Benefit Rider', 'Lab and X-ray Benefit Rider', 'Outpatient Surgery Benefit Rider', 'Physician Office and Urgent Care Visit Rider', 'Prescription Drug Benefit Rider', 'Telemedicine and Virtual Visit Rider', 'Waiver of Premium for Confinement and Total Disability Rider', 'Outline of Coverage Zurich Individual Sickness Only Hospital Indemnity Insurance Policy', 'Individual Hospital Indemnity Policy Schedule', 'Therapy Services Rider', 'International Benefit Rider', 'Zurich HI Rate Manual 20220902 Part 1', 'Zurich HI Rate Manual 20220902 Part 2']",10/24/22
Zurich American Life Insurance Company,90557.0,Group Disability,H11G.005 Combined Short Term and Long Term,Form,Closed - Approved,ZUUG-131868217,183,131868217,VA,https://filingaccess.serff.com/sfa/search/filingSummary.xhtml?filingId=131868217,True,https://filingaccess.serff.com/sfa/home/VA,['Certificate Endorsement'],3/18/19
Zurich American Life Insurance Company,90557.0,Group Long Term Disability Income Conversion Plan,H11G.003 Long Term,Form/Endorsement/Application/Rate,Closed - Filed,ZUUG-130948699,183,130948699,VA,https://filingaccess.serff.com/sfa/search/filingSummary.xhtml?filingId=130948699,True,https://filingaccess.serff.com/sfa/home/VA,"['Group Long Term Disabiity Conversion Plan Certificate', 'Schedule of Insurance', 'Enrollment Form', 'Enrollment Form', 'Certificate']",3/3/17
Zurich American Life Insurance Company,90557.0,Individual Accident,H02I.000 Health - Accident Only,Form/Rate,Closed - Withdrawn,MMTA-133466996,183,133466996,VA,https://filingaccess.serff.com/sfa/search/filingSummary.xhtml?filingId=133466996,True,https://filingaccess.serff.com/sfa/home/VA,"['Individual Accident Policy', 'Application', 'Individual Accident Schedule', 'Common Carrier Benefit', 'Common Accident Benefit', 'Rehabilitation Benefit', 'Seat Belt/Air Bag Benefit', 'Accident Weekly Indemnity Benefit', 'After School Care Benefit', 'Coma Benefit', 'Funeral Expense Benefit', 'In-Hospital Indemnity Benefit', 'Terrorism Benefit', 'Travel Assistance Coverage', '[Out of Country] Accident Medical Expense Benefit', 'Critical Burn Benefit', 'Waiver of Premium Benefit', 'Emergency Transportation and Treatment and Hospital Cash Benefit', 'Traumatic Brain Injury Benefit', 'Home Alteration and Vehicle Modification Benefit', 'Natural Disaster Benefit', 'Recuperation Benefit', 'Student Tuition Expense Reimbursement Benefit', 'Administrative Change Endorsement', 'Important Notice – In Witness Clause', 'Accident Rate Manual']",2/10/23
